{ "places": [
    {"name":"Good Life Coffee",      "class":"food kahvila", "top":"272", "left":"592"},
    {"name":"Kahvila S&auml;vy",     "class":"food kahvila", "top":"102", "left":"730"},
    {"name":"Kaffa",                 "class":"food kahvila", "top":"869", "left":"396"},
    {"name":"Fratello",              "class":"food kahvila", "top":"635", "left":"554"},
    {"name":"La Torrefazzione",      "class":"food kahvila breku", "top":"655", "left":"520"},
    {"name":"Johan & Nystr&ouml;m",  "class":"food kahvila", "top":"640", "left":"768"},
    {"name":"Brooklyn Cafe",         "class":"food kahvila", "top":"794", "left":"538"},
    {"name":"KC",                    "class":"food kahvila", "top":"718", "left":"548"},

    {"name":"Kuppi & Muffini",       "class":"food breku", "top":"683", "left":"444"},
    {"name":"Gran Delicato",         "class":"food breku kahvila", "top":"727", "left":"374  "},
    {"name":"Sunn",                  "class":"food breku", "top":"655", "left":"634"},
    {"name":"Cafe Maya",             "class":"food breku", "top":"805", "left":"460"},
    {"name":"K&ouml;ket",            "class":"food breku", "top":"655", "left":"664"},

    {"name":"Sea Horse",             "class":"food casual", "top":"879", "left":"555"},
    {"name":"Koto",                  "class":"food casual", "top":"751", "left":"403"},
    {"name":"Domo",                  "class":"food casual", "top":"700", "left":"417"},
    {"name":"Sushibar+Wine",         "class":"food casual", "top":"669", "left":"384"},
    {"name":"Puttes",                "class":"food casual", "top":"671", "left":"457"},
    {"name":"Skiffer",               "class":"food casual", "top":"707", "left":"534"},
    {"name":"Latva",                 "class":"food casual", "top":"739", "left":"562"},
    {"name":"Trocadero",             "class":"food casual", "top":"747", "left":"535"},
    {"name":"Tori",                  "class":"food casual", "top":"809", "left":"476"},
    {"name":"Len&prime;s Keishoku",  "class":"food casual", "top":"809", "left":"522"},
    {"name":"Alppitori",             "class":"food casual", "top":"100", "left":"561"},
    {"name":"Cella",                 "class":"food casual", "top":"154", "left":"668 "},
    {"name":"9",                     "class":"food casual", "top":"735", "left":"510"},
    {"name":"Tuk Tuk",               "class":"food casual", "top":"116", "left":"692"},
    {"name":"Peking",                "class":"food casual", "top":"104", "left":"707"},
    {"name":"Fafa&prime;s",          "class":"food casual", "top":"160", "left":"818"},
    {"name":"Siltanen",              "class":"food casual", "top":"282", "left":"714"},
    {"name":"Silvoplee",             "class":"food casual", "top":"343", "left":"606"},
    {"name":"Kuja",                  "class":"food casual", "top":"377", "left":"688"},
    {"name":"D&ouml;ner Harju",      "class":"food casual", "top":"109", "left":"668"},
    {"name":"Lemon Grass",           "class":"food casual", "top":"287", "left":"600"},
    {"name":"Sen Chay",              "class":"food casual", "top":"399", "left":"635"},
    {"name":"Bergga",                "class":"food casual", "top":"239", "left":"646"},
    {"name":"Sandro",                "class":"food casual breku", "top":"262", "left":"572"},
    {"name":"Sandro Eira",           "class":"food casual breku", "top":"894", "left":"426"},

    {"name":"Atelj&eacute; Finne",   "class":"food fine", "top":"558", "left":"341"},
    {"name":"Carelia",               "class":"food fine", "top":"291", "left":"300"},
    {"name":"Kuurna",                "class":"food fine", "top":"620", "left":"720"},
    {"name":"Gaijin",                "class":"food fine", "top":"697", "left":"503"},
    {"name":"Ask",                   "class":"food fine", "top":"527", "left":"694"},
    {"name":"Farang",                "class":"food fine", "top":"537", "left":"374"},
    {"name":"Pastis",                "class":"food fine", "top":"732", "left":"575"},
    {"name":"Muru",                  "class":"food fine", "top":"741", "left":"435"},
    {"name":"Kolmonen",              "class":"food fine", "top":"297", "left":"624"},
    {"name":"Kombo",                 "class":"food fine", "top":"141", "left":"798"},

    {"name":"Gastro Cafe Kallio",    "class":"food koklaa", "top":"210", "left":"664"},
    {"name":"Loosister",             "class":"food koklaa", "top":"151", "left":"772"}
  ]
}
